Feature1,Feature2,Feature3,Target
0.345678,-1.234567,2.345678,4.567890
1.123456,0.543210,1.234567,1.876543
-0.456789,-0.876543,4.567890,6.123456
0.876543,-1.543210,0.123456,6.345678
-1.234567,1.234567,3.456789,-5.678901
0.543210,-0.123456,1.876543,2.345678
-0.876543,0.876543,2.123456,-3.456789
1.543210,-1.987654,0.543210,9.123456
-0.123456,0.234567,1.123456,-1.234567
-1.543210,1.543210,2.876543,-6.789012
-0.234567,-0.765432,3.123456,3.456789
0.765432,0.987654,1.543210,-0.543210
-1.987654,-1.123456,0.876543,-0.123456
1.987654,0.345678,2.123456,3.876543
-0.345678,0.123456,1.543210,-0.987654
-1.123456,-1.543210,0.876543,2.345678
-0.987654,0.543210,2.345678,-2.987654
-1.543210,-1.123456,1.234567,1.123456
-1.987654,0.765432,1.876543,-5.123456
-1.123456,1.543210,2.345678,-5.876543
